<?xml version="1.0" encoding="UTF-8"?>
<!DOCTYPE plist PUBLIC "-//Apple//DTD PLIST 1.0//EN" "http://www.apple.com/DTDs/PropertyList-1.0.dtd">
<plist version="1.0">
<dict>
	<key>ASD_PAGE_LAYOUT</key>
	<dict>
		<key>0</key>
		<dict>
			<key>ASD_PAGE_LAYOUT_FRAMES</key>
			<array>
				<dict>
					<key>ASD_PAGE_LAYOUT_FRAME_TYPE</key>
					<integer>2</integer>
					<key>ASD_PAGE_LAYOUT_FRAME_VALUE</key>
					<dict>
						<key>ASD_RANGES</key>
						<array>
							<array>
								<integer>0</integer>
								<integer>9</integer>
								<dict>
									<key>ASD_FONT</key>
									<array>
										<string>Futura-CondensedExtraBold</string>
										<real>71</real>
									</array>
									<key>NSParagraphStyle</key>
									<array>
										<integer>2</integer>
										<real>0.0</real>
										<real>0.0</real>
										<real>0.0</real>
										<real>0.0</real>
										<real>0.0</real>
										<real>0.0</real>
										<real>0.0</real>
										<real>0.0</real>
									</array>
								</dict>
							</array>
						</array>
						<key>ASD_STRING</key>
						<string>WWDC 2010</string>
					</dict>
					<key>ASD_PAGE_LAYOUT_FRAME_RECT</key>
					<array>
						<real>34.0</real>
						<real>42.0</real>
						<real>213.0</real>
						<real>200.0</real>
					</array>
				</dict>				
				<dict>
					<key>ASD_PAGE_LAYOUT_FRAME_TYPE</key>
					<integer>3</integer>
					<key>ASD_PAGE_LAYOUT_FRAME_VALUE</key>
					<string>Splash.png</string>
					<key>ASD_PAGE_LAYOUT_ACCESSIBILITY_VALUE</key>
					<string>iOS SDK iamge</string>
					<key>ASD_PAGE_LAYOUT_FRAME_RECT</key>
					<array>
						<real>265.0</real>
						<real>40.0</real>
						<real>213.0</real>
						<real>215.0</real>
					</array>
				</dict>				
				<dict>
					<key>ASD_PAGE_LAYOUT_FRAME_TYPE</key>
					<integer>2</integer>
					<key>ASD_PAGE_LAYOUT_FRAME_VALUE</key>
					<dict>
						<key>ASD_RANGES</key>
						<array>
							<array>
								<integer>0</integer>
								<integer>55</integer>
								<dict>
									<key>ASD_FONT</key>
									<array>
										<string>Futura-Medium</string>
										<real>20</real>
									</array>
									<key>NSParagraphStyle</key>
									<array>
										<integer>2</integer>
										<real>0.0</real>
										<real>0.0</real>
										<real>0.0</real>
										<real>0.0</real>
										<real>0.0</real>
										<real>0.0</real>
										<real>0.0</real>
										<real>0.0</real>
									</array>
								</dict>
							</array>
						</array>
						<key>ASD_STRING</key>
						<string>Advanced Text Processing
Core Text
RegEx
Data Detectors</string>
					</dict>
					<key>ASD_PAGE_LAYOUT_FRAME_RECT</key>
					<array>
						<real>476.0</real>
						<real>70.0</real>
						<real>213.0</real>
						<real>150.0</real>
					</array>
				</dict>	
				<dict>
					<key>ASD_PAGE_LAYOUT_FRAME_TYPE</key>
					<integer>1</integer>
					<key>ASD_PAGE_LAYOUT_FRAME_RECT</key>
					<array>
						<real>34.0</real>
						<real>260.0</real>
						<real>674.0</real>
						<real>671.0</real>
					</array>
				</dict>					
			</array>
		</dict>	
	</dict>	
	<key>ASD_STRING_DICT</key>
	<dict>
		<key>ASD_RANGES</key>
		<array>
			<array>
				<integer>0</integer>
				<integer>163</integer>
				<dict>
					<key>ASD_FONT</key>
					<array>
						<string>Futura-CondensedMedium</string>
						<real>40</real>
					</array>
					<key>NSParagraphStyle</key>
					<array>
						<integer>2</integer>
						<real>0.0</real>
						<real>0.0</real>
						<real>0.0</real>
						<real>0.0</real>
						<real>0.0</real>
						<real>0.0</real>
						<real>0.0</real>
						<real>0.0</real>
					</array>
				</dict>
			</array>
		</array>
		<key>ASD_STRING</key>
		<string>

Click on the Sample 
button to see different 
layout styles drawn using 
Core Text

You may swipe 
to move from page to page 
when the sample has 
multiple pages</string>
	</dict>
	<key>ASD_VERSION</key>
	<array>
		<integer>1</integer>
		<integer>1</integer>
	</array>
</dict>
</plist>
